sitename,county,aqi,pollutant,status,co,pm2.5,pm2.5_avg,nox
嘉義（東區）,嘉義市,76,細懸浮微粒,普通,0.33,27.0,21.5,23.2
屏東(枋山),屏東縣,44,,良好,0.21,6.0,10.9,5.0
臺南（南化）,台南市,57,細懸浮微粒,普通,0.29,12.0,14.7,8.5
新北(樹林),新北市,40,,良好,0.35,8.0,8.1,23.8
屏東（琉球）,屏東縣,55,懸浮微粒,普通,0.37,13.0,13.0,21.9
南投（鹿谷）,南投縣,55,細懸浮微粒,普通,0.28,11.0,14.0,7.5
高雄（湖內）,高雄市,65,懸浮微粒,普通,0.33,17.0,17.1,20.1
宜蘭（三星）,宜蘭縣,27,,良好,0.12,1.0,1.2,1.7
林森,台南市,69,懸浮微粒,普通,0.5,16.0,15.3,25.3
員林,彰化縣,50,,良好,0.38,15.0,12.1,23.1
大城,彰化縣,54,細懸浮微粒,普通,0.35,15.0,13.7,23.2
富貴角,新北市,55,細懸浮微粒,普通,0.05,12.0,14.0,0.6
麥寮,雲林縣,59,懸浮微粒,普通,0.43,19.0,11.9,21.4
關山,台東縣,25,,良好,0.2,7.0,5.1,5.5
馬公,澎湖縣,48,,良好,0.14,11.0,10.3,2.1
金門,金門縣,75,細懸浮微粒,普通,0.24,16.0,21.2,10.9
馬祖,連江縣,58,細懸浮微粒,普通,0.17,10.0,15.1,5.1
埔里,南投縣,70,細懸浮微粒,普通,0.32,23.0,19.6,8.7
復興,高雄市,68,細懸浮微粒,普通,0.44,16.0,18.8,21.1
永和,新北市,26,,良好,0.29,6.0,6.5,12.6
竹山,南投縣,75,細懸浮微粒,普通,0.33,21.0,21.3,17.0
中壢,桃園市,33,,良好,0.38,5.0,8.2,18.4
三重,新北市,55,二氧化氮,普通,0.71,4.0,7.3,63.4
冬山,宜蘭縣,30,,良好,0.13,0.0,4.8,3.0
宜蘭,宜蘭縣,25,,良好,0.15,4.0,5.5,3.3
陽明,台北市,37,,良好,0.14,4.0,3.5,2.0
花蓮,花蓮縣,29,,良好,0.35,4.0,3.7,13.6
臺東,台東縣,27,,良好,0.2,4.0,4.8,6.2
恆春,屏東縣,37,,良好,0.12,1.0,1.8,2.1
潮州,屏東縣,74,細懸浮微粒,普通,0.36,30.0,21.0,18.7
屏東,屏東縣,80,細懸浮微粒,普通,0.34,22.0,23.1,17.2
小港,高雄市,74,細懸浮微粒,普通,0.41,17.0,20.9,24.1
前鎮,高雄市,69,懸浮微粒,普通,0.4,10.0,16.0,20.9
前金,高雄市,65,懸浮微粒,普通,0.28,12.0,15.5,15.8
左營,高雄市,64,細懸浮微粒,普通,0.35,13.0,17.4,18.3
楠梓,高雄市,78,懸浮微粒,普通,0.34,13.0,20.5,22.9
林園,高雄市,95,細懸浮微粒,普通,0.45,25.0,28.5,27.0
大寮,高雄市,90,細懸浮微粒,普通,0.34,20.0,26.7,23.7
鳳山,高雄市,73,懸浮微粒,普通,0.54,13.0,20.3,33.5
仁武,高雄市,79,懸浮微粒,普通,0.39,17.0,22.3,26.6
橋頭,高雄市,79,細懸浮微粒,普通,0.37,20.0,22.6,24.6
美濃,高雄市,66,細懸浮微粒,普通,0.32,18.0,17.8,12.9
臺南,台南市,64,懸浮微粒,普通,0.33,14.0,16.3,21.5
安南,台南市,64,懸浮微粒,普通,0.34,12.0,15.1,17.1
善化,台南市,69,細懸浮微粒,普通,0.31,18.0,19.2,18.0
新營,台南市,69,細懸浮微粒,普通,0.36,21.0,19.0,21.5
嘉義,嘉義市,70,懸浮微粒,普通,0.54,22.0,18.7,25.1
臺西,雲林縣,57,懸浮微粒,普通,0.34,10.0,8.4,18.1
朴子,嘉義縣,61,懸浮微粒,普通,0.32,12.0,12.7,17.2
新港,嘉義縣,61,懸浮微粒,普通,0.44,15.0,15.4,16.8
崙背,雲林縣,61,細懸浮微粒,普通,0.6,11.0,16.3,15.3
斗六,雲林縣,71,細懸浮微粒,普通,0.35,17.0,19.9,24.8
南投,南投縣,61,細懸浮微粒,普通,0.41,9.0,16.3,30.4
二林,彰化縣,40,,良好,0.22,3.0,6.6,8.4
線西,彰化縣,23,,良好,0.19,3.0,3.8,7.1
彰化,彰化縣,51,二氧化氮,普通,0.39,7.0,7.9,23.7
西屯,台中市,33,,良好,0.23,8.0,8.3,12.7
忠明,台中市,45,,良好,0.36,9.0,10.3,21.2
大里,台中市,52,二氧化氮,普通,0.49,7.0,7.7,27.6
沙鹿,台中市,22,,良好,0.2,3.0,4.5,9.7
豐原,台中市,41,,良好,0.27,11.0,10.1,8.8
三義,苗栗縣,23,,良好,0.17,2.0,2.7,4.2
苗栗,苗栗縣,25,,良好,0.23,4.0,3.6,10.2
頭份,苗栗縣,26,,良好,0.2,2.0,4.0,10.8
新竹,新竹市,24,,良好,0.24,3.0,5.2,10.8
竹東,新竹縣,27,,良好,0.16,7.0,2.3,5.3
湖口,新竹縣,23,,良好,0.2,10.0,4.7,9.4
龍潭,桃園市,25,,良好,0.17,3.0,2.8,8.2
平鎮,桃園市,33,,良好,0.26,7.0,8.3,13.0
觀音,桃園市,29,,良好,0.11,3.0,5.8,5.0
大園,桃園市,26,,良好,0.16,6.0,5.1,12.8
桃園,桃園市,26,,良好,0.25,3.0,5.9,12.8
大同,台北市,54,二氧化氮,普通,0.55,8.0,8.1,44.7
松山,台北市,43,,良好,0.2,5.0,6.6,22.1
古亭,台北市,24,,良好,0.19,3.0,4.4,11.1
萬華,台北市,40,,良好,0.25,8.0,6.2,19.1
中山,台北市,40,,良好,0.3,7.0,7.8,20.0
士林,台北市,28,,良好,0.16,3.0,3.8,5.7
淡水,新北市,24,,良好,0.16,2.0,6.0,4.6
林口,新北市,29,,良好,0.21,4.0,5.8,13.6
菜寮,新北市,29,,良好,0.24,4.0,4.0,12.9
新莊,新北市,26,,良好,0.22,6.0,5.8,12.0
板橋,新北市,36,,良好,0.28,8.0,7.2,16.8
土城,新北市,40,,良好,0.36,0.0,1.9,18.8
新店,新北市,26,,良好,0.23,4.0,4.7,12.3
汐止,新北市,29,,良好,0.18,4.0,7.2,13.8
基隆,基隆市,33,,良好,0.21,2.0,4.5,8.9
嘉義（東區）,嘉義市,73,細懸浮微粒,普通,0.31,25.0,20.5,23.4
屏東(枋山),屏東縣,43,,良好,0.21,4.0,10.6,5.2
臺南（南化）,台南市,59,細懸浮微粒,普通,0.28,15.0,15.3,9.8
新北(樹林),新北市,48,,良好,0.35,6.0,8.2,27.6
屏東（琉球）,屏東縣,52,細懸浮微粒,普通,0.32,13.0,12.8,17.9
南投（鹿谷）,南投縣,56,細懸浮微粒,普通,0.29,20.0,14.4,8.9
高雄（湖內）,高雄市,67,懸浮微粒,普通,0.3,13.0,17.0,19.0
宜蘭（三星）,宜蘭縣,28,,良好,0.12,0.0,1.5,1.6
林森,台南市,70,懸浮微粒,普通,0.53,14.0,15.0,24.6
員林,彰化縣,52,二氧化氮,普通,0.37,9.0,11.5,25.1
大城,彰化縣,52,細懸浮微粒,普通,0.29,18.0,12.7,19.5
富貴角,新北市,55,細懸浮微粒,普通,0.06,9.0,14.0,0.5
麥寮,雲林縣,59,懸浮微粒,普通,0.39,13.0,10.4,21.3
關山,台東縣,26,,良好,0.22,7.0,4.9,8.3
馬公,澎湖縣,51,懸浮微粒,普通,0.15,8.0,10.1,2.6
金門,金門縣,78,細懸浮微粒,普通,0.25,20.0,22.3,11.3
馬祖,連江縣,62,細懸浮微粒,普通,0.18,11.0,16.5,5.2
埔里,南投縣,69,細懸浮微粒,普通,0.34,22.0,19.0,10.1
復興,高雄市,72,細懸浮微粒,普通,0.43,16.0,20.0,21.4
永和,新北市,27,,良好,0.3,3.0,6.8,14.9
竹山,南投縣,75,細懸浮微粒,普通,0.32,23.0,21.3,17.1
中壢,桃園市,40,,良好,0.41,6.0,9.0,26.4
三重,新北市,59,二氧化氮,普通,0.75,6.0,8.5,85.1
冬山,宜蘭縣,30,,良好,0.15,3.0,6.2,5.4
宜蘭,宜蘭縣,26,,良好,0.15,5.0,5.8,3.4
陽明,台北市,37,,良好,0.14,5.0,3.1,2.0
花蓮,花蓮縣,29,,良好,0.34,5.0,4.3,14.7
臺東,台東縣,28,,良好,0.22,4.0,4.8,6.6
恆春,屏東縣,37,,良好,0.12,1.0,2.1,1.8
潮州,屏東縣,67,細懸浮微粒,普通,0.37,23.0,18.2,17.2
屏東,屏東縣,80,細懸浮微粒,普通,0.34,24.0,23.2,17.5
小港,高雄市,76,細懸浮微粒,普通,0.43,18.0,21.5,24.0
前鎮,高雄市,72,懸浮微粒,普通,0.41,18.0,17.7,21.7
前金,高雄市,67,懸浮微粒,普通,0.25,12.0,16.3,14.8
左營,高雄市,68,細懸浮微粒,普通,0.31,18.0,18.7,17.1
楠梓,高雄市,78,細懸浮微粒,普通,0.35,15.0,22.5,22.1
林園,高雄市,93,細懸浮微粒,普通,0.45,31.0,28.0,26.4
大寮,高雄市,95,細懸浮微粒,普通,0.36,27.0,28.7,25.7
鳳山,高雄市,78,細懸浮微粒,普通,0.62,16.0,22.5,33.8
仁武,高雄市,80,細懸浮微粒,普通,0.37,21.0,23.0,24.6
橋頭,高雄市,80,細懸浮微粒,普通,0.36,19.0,23.1,23.3
美濃,高雄市,67,細懸浮微粒,普通,0.32,16.0,18.2,13.4
臺南,台南市,65,懸浮微粒,普通,0.37,17.0,16.9,21.5
安南,台南市,67,懸浮微粒,普通,0.33,15.0,15.9,17.7
善化,台南市,69,細懸浮微粒,普通,0.3,17.0,19.0,17.1
新營,台南市,66,細懸浮微粒,普通,0.33,22.0,18.1,20.3
嘉義,嘉義市,69,懸浮微粒,普通,0.46,22.0,18.1,23.0
臺西,雲林縣,55,懸浮微粒,普通,0.34,6.0,8.0,17.1
朴子,嘉義縣,62,懸浮微粒,普通,0.28,14.0,12.8,15.9
新港,嘉義縣,62,懸浮微粒,普通,0.46,20.0,15.3,19.2
崙背,雲林縣,66,細懸浮微粒,普通,0.42,12.0,17.8,15.4
斗六,雲林縣,75,細懸浮微粒,普通,0.35,19.0,21.1,22.1
南投,南投縣,66,細懸浮微粒,普通,0.35,16.0,17.9,16.6
二林,彰化縣,48,,良好,0.23,4.0,8.8,10.6
線西,彰化縣,25,,良好,0.19,5.0,3.6,7.9
彰化,彰化縣,48,,良好,0.35,7.0,7.7,21.9
西屯,台中市,35,,良好,0.22,9.0,8.6,12.8
忠明,台中市,48,,良好,0.4,11.0,10.2,22.4
大里,台中市,52,二氧化氮,普通,0.55,7.0,7.7,34.2
沙鹿,台中市,23,,良好,0.2,3.0,5.2,10.6
豐原,台中市,41,,良好,0.3,14.0,10.2,12.3
三義,苗栗縣,24,,良好,0.17,3.0,3.1,4.2
苗栗,苗栗縣,26,,良好,0.24,3.0,3.5,9.1
頭份,苗栗縣,27,,良好,0.2,1.0,4.5,10.8
新竹,新竹市,26,,良好,0.26,4.0,6.1,12.4
竹東,新竹縣,28,,良好,0.16,0.0,2.0,5.2
湖口,新竹縣,23,,良好,0.18,1.0,3.2,7.7
龍潭,桃園市,24,,良好,0.2,3.0,3.0,10.1
平鎮,桃園市,35,,良好,0.29,11.0,8.6,13.9
觀音,桃園市,28,,良好,0.11,4.0,6.3,6.0
大園,桃園市,26,,良好,0.18,2.0,5.4,12.5
桃園,桃園市,33,,良好,0.3,7.0,7.0,15.4
大同,台北市,58,二氧化氮,普通,0.58,8.0,8.9,63.9
松山,台北市,50,,良好,0.22,6.0,7.0,25.6
古亭,台北市,26,,良好,0.22,3.0,4.9,12.2
萬華,台北市,48,,良好,0.27,4.0,5.6,23.3
中山,台北市,48,,良好,0.31,7.0,8.0,24.0
士林,台北市,27,,良好,0.16,4.0,4.1,6.5
淡水,新北市,27,,良好,0.25,4.0,6.6,13.5
林口,新北市,31,,良好,0.24,4.0,6.4,14.9
菜寮,新北市,31,,良好,0.25,6.0,4.0,14.8
新莊,新北市,31,,良好,0.23,4.0,5.8,14.4
板橋,新北市,48,,良好,0.31,10.0,7.2,22.9
土城,新北市,38,,良好,0.32,0.0,2.5,17.4
新店,新北市,26,,良好,0.22,5.0,4.5,12.3
汐止,新北市,33,,良好,0.18,5.0,7.7,15.7
基隆,基隆市,33,,良好,0.15,2.0,5.3,4.9
嘉義（東區）,嘉義市,71,細懸浮微粒,普通,0.43,16.0,19.8,31.0
屏東(枋山),屏東縣,54,細懸浮微粒,普通,0.21,4.0,13.6,4.9
臺南（南化）,台南市,60,細懸浮微粒,普通,0.29,16.0,15.8,11.0
新北(樹林),新北市,52,二氧化氮,普通,0.39,8.0,8.5,34.1
屏東（琉球）,屏東縣,50,,良好,0.27,10.0,12.4,9.7
南投（鹿谷）,南投縣,52,細懸浮微粒,普通,0.3,17.0,12.8,10.8
高雄（湖內）,高雄市,67,細懸浮微粒,普通,0.26,16.0,18.3,16.0
宜蘭（三星）,宜蘭縣,29,,良好,0.12,0.0,1.9,1.8
林森,台南市,71,懸浮微粒,普通,0.53,13.0,15.7,24.3
員林,彰化縣,53,二氧化氮,普通,0.39,14.0,12.9,27.5
大城,彰化縣,50,,良好,0.26,14.0,11.9,16.3
富貴角,新北市,56,細懸浮微粒,普通,0.05,22.0,14.2,0.5
麥寮,雲林縣,59,懸浮微粒,普通,0.31,11.0,9.9,19.3
關山,台東縣,28,,良好,0.21,5.0,4.2,5.6
馬公,澎湖縣,52,懸浮微粒,普通,0.16,12.0,11.0,2.7
金門,金門縣,79,細懸浮微粒,普通,0.27,21.0,22.6,11.8
馬祖,連江縣,66,細懸浮微粒,普通,0.18,11.0,17.9,5.8
埔里,南投縣,65,細懸浮微粒,普通,0.35,19.0,17.7,10.4
復興,高雄市,73,細懸浮微粒,普通,0.48,18.0,20.6,21.8
永和,新北市,33,,良好,0.39,6.0,7.5,21.3
竹山,南投縣,75,細懸浮微粒,普通,0.33,23.0,21.1,19.9
中壢,桃園市,40,,良好,0.42,7.0,9.4,28.0
三重,新北市,59,二氧化氮,普通,0.93,6.0,9.5,83.7
冬山,宜蘭縣,30,,良好,0.18,7.0,6.7,4.5
宜蘭,宜蘭縣,27,,良好,0.15,4.0,6.1,3.8
陽明,台北市,36,,良好,0.14,5.0,2.5,1.9
花蓮,花蓮縣,33,,良好,0.4,3.0,3.9,16.8
臺東,台東縣,28,,良好,0.21,8.0,4.3,6.5
恆春,屏東縣,37,,良好,0.13,2.0,2.6,2.2
潮州,屏東縣,66,細懸浮微粒,普通,0.34,15.0,17.8,9.3
屏東,屏東縣,78,細懸浮微粒,普通,0.34,24.0,22.5,19.4
小港,高雄市,77,細懸浮微粒,普通,0.37,22.0,22.0,20.8
前鎮,高雄市,72,懸浮微粒,普通,0.41,11.0,17.9,21.7
前金,高雄市,68,懸浮微粒,普通,0.27,15.0,17.0,16.5
左營,高雄市,68,細懸浮微粒,普通,0.3,12.0,18.8,15.8
楠梓,高雄市,82,細懸浮微粒,普通,0.34,22.0,23.9,20.3
林園,高雄市,89,細懸浮微粒,普通,0.51,35.0,26.2,35.6
大寮,高雄市,92,細懸浮微粒,普通,0.43,29.0,27.4,30.8
鳳山,高雄市,82,細懸浮微粒,普通,0.6,25.0,23.7,33.7
仁武,高雄市,81,細懸浮微粒,普通,0.34,14.0,23.5,24.8
橋頭,高雄市,81,細懸浮微粒,普通,0.33,21.0,23.3,20.3
美濃,高雄市,68,細懸浮微粒,普通,0.31,16.0,18.7,14.0
臺南,台南市,67,懸浮微粒,普通,0.31,8.0,17.2,19.2
安南,台南市,70,懸浮微粒,普通,0.29,11.0,16.4,16.3
善化,台南市,71,細懸浮微粒,普通,0.28,20.0,19.8,17.3
新營,台南市,65,懸浮微粒,普通,0.32,17.0,17.2,19.8
嘉義,嘉義市,67,懸浮微粒,普通,0.38,16.0,17.7,20.2
臺西,雲林縣,55,懸浮微粒,普通,0.3,7.0,8.4,16.1
朴子,嘉義縣,61,懸浮微粒,普通,0.28,14.0,12.4,16.0
新港,嘉義縣,60,懸浮微粒,普通,0.33,17.0,14.9,17.7
崙背,雲林縣,67,細懸浮微粒,普通,0.53,15.0,18.5,17.6
斗六,雲林縣,74,細懸浮微粒,普通,0.32,23.0,21.0,20.0
南投,南投縣,67,細懸浮微粒,普通,0.39,20.0,18.3,19.4
二林,彰化縣,51,懸浮微粒,普通,0.24,8.0,9.5,11.8
線西,彰化縣,26,,良好,0.18,6.0,3.2,8.3
彰化,彰化縣,51,二氧化氮,普通,0.36,10.0,8.4,24.2
西屯,台中市,45,,良好,0.27,8.0,8.4,20.6
忠明,台中市,51,二氧化氮,普通,0.41,11.0,10.2,26.7
大里,台中市,54,二氧化氮,普通,0.66,8.0,8.9,37.3
沙鹿,台中市,25,,良好,0.21,4.0,5.9,11.2
豐原,台中市,38,,良好,0.31,8.0,9.4,12.7
三義,苗栗縣,25,,良好,0.17,1.0,3.4,3.9
苗栗,苗栗縣,26,,良好,0.24,4.0,3.3,10.5
頭份,苗栗縣,27,,良好,0.21,5.0,5.3,10.3
新竹,新竹市,31,,良好,0.28,4.0,6.8,13.7
竹東,新竹縣,28,,良好,0.17,0.0,2.8,6.8
湖口,新竹縣,27,,良好,0.16,4.0,3.5,7.8
龍潭,桃園市,24,,良好,0.22,3.0,3.3,11.0
平鎮,桃園市,32,,良好,0.32,6.0,8.0,16.0
觀音,桃園市,28,,良好,0.12,6.0,6.8,7.0
大園,桃園市,27,,良好,0.15,3.0,6.2,12.2
桃園,桃園市,36,,良好,0.32,7.0,7.2,16.8
大同,台北市,59,二氧化氮,普通,0.85,6.0,9.2,81.1
松山,台北市,54,二氧化氮,普通,0.31,5.0,7.2,31.7
古亭,台北市,33,,良好,0.26,5.0,5.0,15.8
萬華,台北市,51,二氧化氮,普通,0.31,5.0,5.7,25.4
中山,台北市,52,二氧化氮,普通,0.38,8.0,8.4,27.8
士林,台北市,27,,良好,0.18,3.0,4.5,8.7
淡水,新北市,29,,良好,0.25,6.0,7.2,13.8
林口,新北市,33,,良好,0.25,5.0,7.0,15.8
菜寮,新北市,33,,良好,0.29,3.0,3.7,15.9
新莊,新北市,38,,良好,0.27,5.0,6.1,17.7
板橋,新北市,50,,良好,0.38,6.0,6.6,24.6
土城,新北市,52,二氧化氮,普通,0.44,1.0,3.4,26.5
新店,新北市,24,,良好,0.23,5.0,4.3,11.9
汐止,新北市,43,,良好,0.25,8.0,8.1,19.9
基隆,基隆市,33,,良好,0.16,5.0,6.2,4.8
嘉義（東區）,嘉義市,73,細懸浮微粒,普通,0.43,24.0,20.6,32.1
屏東(枋山),屏東縣,65,細懸浮微粒,普通,0.18,6.0,17.7,3.1
臺南（南化）,台南市,59,細懸浮微粒,普通,0.28,17.0,15.4,10.0
新北(樹林),新北市,54,二氧化氮,普通,0.44,8.0,8.5,39.0
屏東（琉球）,屏東縣,52,細懸浮微粒,普通,0.26,16.0,12.8,7.2
南投（鹿谷）,南投縣,48,,良好,0.29,17.0,11.8,11.0
高雄（湖內）,高雄市,68,細懸浮微粒,普通,0.26,16.0,18.8,16.5
宜蘭（三星）,宜蘭縣,29,,良好,0.13,1.0,2.4,2.1
林森,台南市,70,懸浮微粒,普通,0.63,10.0,16.6,28.4
員林,彰化縣,52,細懸浮微粒,普通,0.39,11.0,12.9,24.8
大城,彰化縣,50,,良好,0.3,12.0,11.4,19.0
富貴角,新北市,52,細懸浮微粒,普通,0.06,13.0,12.7,0.5
麥寮,雲林縣,60,懸浮微粒,普通,0.28,11.0,9.6,15.8
關山,台東縣,29,,良好,0.2,6.0,4.1,7.4
馬公,澎湖縣,54,懸浮微粒,普通,0.18,9.0,10.9,3.5
金門,金門縣,81,細懸浮微粒,普通,0.29,22.0,23.3,11.9
馬祖,連江縣,70,細懸浮微粒,普通,0.19,13.0,19.6,6.1
埔里,南投縣,63,細懸浮微粒,普通,0.37,26.0,17.0,12.3
復興,高雄市,73,細懸浮微粒,普通,0.62,21.0,20.5,27.4
永和,新北市,36,,良好,0.47,7.0,8.2,21.5
竹山,南投縣,73,細懸浮微粒,普通,0.33,23.0,20.7,19.4
中壢,桃園市,50,,良好,0.59,11.0,9.6,36.2
三重,新北市,59,二氧化氮,普通,0.99,7.0,10.2,90.6
冬山,宜蘭縣,29,,良好,0.15,6.0,6.6,4.1
宜蘭,宜蘭縣,28,,良好,0.17,5.0,7.0,5.1
陽明,台北市,36,,良好,0.14,4.0,2.0,1.9
花蓮,花蓮縣,40,,良好,0.44,5.0,3.9,19.9
臺東,台東縣,28,,良好,0.25,7.0,3.2,8.9
恆春,屏東縣,37,,良好,0.13,2.0,2.9,2.3
潮州,屏東縣,66,細懸浮微粒,普通,0.34,14.0,18.1,9.7
屏東,屏東縣,77,細懸浮微粒,普通,0.38,25.0,21.9,20.3
小港,高雄市,77,細懸浮微粒,普通,0.45,25.0,22.0,28.5
前鎮,高雄市,70,細懸浮微粒,普通,0.52,20.0,19.3,27.4
前金,高雄市,65,懸浮微粒,普通,0.32,18.0,17.2,18.7
左營,高雄市,71,細懸浮微粒,普通,0.36,21.0,19.9,16.0
楠梓,高雄市,84,細懸浮微粒,普通,0.39,19.0,24.4,24.1
林園,高雄市,81,細懸浮微粒,普通,0.46,37.0,23.5,31.5
大寮,高雄市,87,細懸浮微粒,普通,0.45,36.0,25.5,37.5
鳳山,高雄市,79,細懸浮微粒,普通,0.72,23.0,22.6,38.4
仁武,高雄市,85,細懸浮微粒,普通,0.42,32.0,24.8,27.8
橋頭,高雄市,82,細懸浮微粒,普通,0.33,23.0,24.0,20.9
美濃,高雄市,67,細懸浮微粒,普通,0.37,23.0,18.4,13.5
臺南,台南市,69,細懸浮微粒,普通,0.3,18.0,19.0,18.4
安南,台南市,71,懸浮微粒,普通,0.27,14.0,18.0,14.7
善化,台南市,70,細懸浮微粒,普通,0.29,19.0,19.6,17.5
新營,台南市,66,細懸浮微粒,普通,0.33,18.0,18.0,20.6
嘉義,嘉義市,66,細懸浮微粒,普通,0.34,17.0,18.1,17.3
臺西,雲林縣,57,懸浮微粒,普通,0.24,8.0,8.7,13.9
朴子,嘉義縣,60,懸浮微粒,普通,0.31,14.0,11.9,16.9
新港,嘉義縣,61,懸浮微粒,普通,0.26,15.0,15.1,16.5
崙背,雲林縣,67,細懸浮微粒,普通,0.46,24.0,18.4,20.2
斗六,雲林縣,73,細懸浮微粒,普通,0.32,19.0,20.5,19.1
南投,南投縣,67,細懸浮微粒,普通,0.39,16.0,18.3,19.2
二林,彰化縣,54,懸浮微粒,普通,0.24,9.0,9.3,12.3
線西,彰化縣,27,,良好,0.18,2.0,2.7,9.4
彰化,彰化縣,52,二氧化氮,普通,0.44,6.0,8.3,28.5
西屯,台中市,38,,良好,0.3,9.0,8.7,16.8
忠明,台中市,54,二氧化氮,普通,0.51,10.0,10.2,32.2
大里,台中市,54,二氧化氮,普通,0.57,8.0,9.5,33.1
沙鹿,台中市,27,,良好,0.23,5.0,5.9,13.0
豐原,台中市,38,,良好,0.35,10.0,9.5,14.2
三義,苗栗縣,26,,良好,0.17,3.0,4.1,4.0
苗栗,苗栗縣,27,,良好,0.25,2.0,3.2,10.6
頭份,苗栗縣,27,,良好,0.22,5.0,5.5,11.9
新竹,新竹市,31,,良好,0.28,6.0,7.4,13.9
竹東,新竹縣,28,,良好,0.17,2.0,3.1,8.0
湖口,新竹縣,29,,良好,0.21,6.0,4.2,13.5
龍潭,桃園市,25,,良好,0.2,3.0,3.5,9.6
平鎮,桃園市,38,,良好,0.39,8.0,8.4,19.2
觀音,桃園市,28,,良好,0.13,7.0,7.0,7.5
大園,桃園市,29,,良好,0.16,7.0,6.6,14.2
桃園,桃園市,38,,良好,0.34,4.0,7.2,18.0
大同,台北市,61,二氧化氮,普通,1.28,10.0,9.7,92.0
松山,台北市,55,二氧化氮,普通,0.31,6.0,7.6,33.4
古亭,台北市,36,,良好,0.29,5.0,4.7,16.7
萬華,台北市,53,二氧化氮,普通,0.35,7.0,6.0,28.5
中山,台北市,54,二氧化氮,普通,0.5,8.0,8.2,35.3
士林,台北市,29,,良好,0.24,0.0,5.2,13.5
淡水,新北市,32,,良好,0.23,8.0,7.7,14.0
林口,新北市,38,,良好,0.26,7.0,7.5,18.5
菜寮,新北市,45,,良好,0.36,4.0,4.0,21.1
新莊,新北市,43,,良好,0.34,7.0,6.3,20.2
板橋,新北市,52,二氧化氮,普通,0.41,6.0,6.9,26.9
土城,新北市,52,二氧化氮,普通,0.53,3.0,4.1,26.1
新店,新北市,36,,良好,0.29,5.0,4.5,17.5
汐止,新北市,45,,良好,0.23,10.0,8.2,21.0
基隆,基隆市,33,,良好,0.27,5.0,6.7,11.2
嘉義（東區）,嘉義市,70,細懸浮微粒,普通,0.55,22.0,19.5,40.4
屏東(枋山),屏東縣,76,細懸浮微粒,普通,0.2,2.0,21.7,6.2
臺南（南化）,台南市,55,細懸浮微粒,普通,0.29,19.0,14.1,9.7
新北(樹林),新北市,51,二氧化氮,普通,0.38,8.0,9.2,32.3
屏東（琉球）,屏東縣,51,細懸浮微粒,普通,0.26,12.0,12.5,6.6
南投（鹿谷）,南投縣,44,,良好,0.3,15.0,11.0,12.4
高雄（湖內）,高雄市,70,細懸浮微粒,普通,0.28,15.0,19.4,15.2
宜蘭（三星）,宜蘭縣,29,,良好,0.13,2.0,2.8,2.3
林森,台南市,68,懸浮微粒,普通,0.63,11.0,17.2,26.1
員林,彰化縣,52,細懸浮微粒,普通,0.34,12.0,13.0,22.3
大城,彰化縣,51,懸浮微粒,普通,0.2,8.0,11.8,14.2
富貴角,新北市,53,細懸浮微粒,普通,0.06,9.0,13.3,0.5
麥寮,雲林縣,57,懸浮微粒,普通,0.3,10.0,9.1,14.5
關山,台東縣,29,,良好,0.22,6.0,3.5,7.0
馬公,澎湖縣,54,懸浮微粒,普通,0.19,10.0,11.6,3.6
金門,金門縣,81,細懸浮微粒,普通,0.28,21.0,23.6,11.8
馬祖,連江縣,76,細懸浮微粒,普通,0.2,14.0,21.5,6.2
埔里,南投縣,59,細懸浮微粒,普通,0.37,22.0,15.5,10.7
復興,高雄市,72,細懸浮微粒,普通,0.55,23.0,20.1,26.0
永和,新北市,35,,良好,0.43,6.0,8.8,20.3
竹山,南投縣,71,懸浮微粒,普通,0.35,23.0,19.5,18.7
中壢,桃園市,50,,良好,0.68,9.0,9.5,36.8
三重,新北市,59,二氧化氮,普通,1.16,11.0,10.5,89.4
冬山,宜蘭縣,28,,良好,0.14,7.0,6.8,4.2
宜蘭,宜蘭縣,33,,良好,0.18,5.0,8.2,6.2
陽明,台北市,36,,良好,0.15,1.0,1.6,2.0
花蓮,花蓮縣,38,,良好,0.44,9.0,3.2,18.5
臺東,台東縣,28,,良好,0.33,5.0,2.4,9.9
恆春,屏東縣,36,,良好,0.13,3.0,2.7,1.8
潮州,屏東縣,69,細懸浮微粒,普通,0.34,14.0,19.0,10.1
屏東,屏東縣,76,細懸浮微粒,普通,0.39,23.0,21.5,22.6
小港,高雄市,75,細懸浮微粒,普通,0.49,21.0,21.2,28.2
前鎮,高雄市,69,細懸浮微粒,普通,0.51,21.0,19.0,28.3
前金,高雄市,64,細懸浮微粒,普通,0.36,19.0,17.1,20.7
左營,高雄市,70,細懸浮微粒,普通,0.33,23.0,19.5,17.1
楠梓,高雄市,86,細懸浮微粒,普通,0.4,29.0,25.2,23.1
林園,高雄市,70,細懸浮微粒,普通,0.4,24.0,19.6,26.1
大寮,高雄市,81,細懸浮微粒,普通,0.51,35.0,23.4,42.8
鳳山,高雄市,76,細懸浮微粒,普通,0.75,30.0,21.8,45.4
仁武,高雄市,81,細懸浮微粒,普通,0.43,23.0,23.6,32.3
橋頭,高雄市,84,細懸浮微粒,普通,0.38,24.0,24.5,21.8
美濃,高雄市,63,細懸浮微粒,普通,0.37,23.0,17.0,11.5
臺南,台南市,69,懸浮微粒,普通,0.33,17.0,18.7,17.7
安南,台南市,71,懸浮微粒,普通,0.28,16.0,19.2,13.9
善化,台南市,72,細懸浮微粒,普通,0.25,16.0,20.1,15.2
新營,台南市,66,細懸浮微粒,普通,0.31,16.0,18.1,17.6
嘉義,嘉義市,66,細懸浮微粒,普通,0.34,18.0,18.1,15.3
臺西,雲林縣,57,懸浮微粒,普通,0.25,7.0,9.1,12.5
朴子,嘉義縣,58,懸浮微粒,普通,0.3,14.0,11.6,17.2
新港,嘉義縣,60,懸浮微粒,普通,0.28,15.0,14.8,15.4
崙背,雲林縣,65,細懸浮微粒,普通,0.31,20.0,17.5,17.4
斗六,雲林縣,73,細懸浮微粒,普通,0.33,26.0,20.6,18.3
南投,南投縣,67,細懸浮微粒,普通,0.37,20.0,18.2,19.0
二林,彰化縣,57,懸浮微粒,普通,0.34,18.0,9.2,13.8
線西,彰化縣,28,,良好,0.19,1.0,3.1,9.3
彰化,彰化縣,50,,良好,0.42,5.0,8.8,25.0
西屯,台中市,37,,良好,0.24,9.0,8.7,14.0
忠明,台中市,45,,良好,0.38,8.0,10.3,22.0
大里,台中市,54,二氧化氮,普通,0.49,7.0,9.7,31.9
沙鹿,台中市,28,,良好,0.23,6.0,6.1,12.8
豐原,台中市,38,,良好,0.33,13.0,9.5,17.4
三義,苗栗縣,28,,良好,0.18,5.0,4.4,3.5
苗栗,苗栗縣,28,,良好,0.24,1.0,3.9,9.9
頭份,苗栗縣,27,,良好,0.21,4.0,5.7,11.3
新竹,新竹市,36,,良好,0.29,9.0,7.5,16.1
竹東,新竹縣,28,,良好,0.18,4.0,3.1,9.8
湖口,新竹縣,36,,良好,0.22,0.0,3.9,16.3
龍潭,桃園市,25,,良好,0.21,3.0,3.8,11.4
平鎮,桃園市,43,,良好,0.39,8.0,8.4,22.1
觀音,桃園市,30,,良好,0.14,5.0,7.5,8.5
大園,桃園市,33,,良好,0.17,7.0,7.1,16.7
桃園,桃園市,43,,良好,0.36,9.0,7.6,20.7
大同,台北市,61,二氧化氮,普通,1.04,14.0,9.3,88.9
松山,台北市,53,二氧化氮,普通,0.28,6.0,8.1,30.2
古亭,台北市,33,,良好,0.25,5.0,5.0,15.2
萬華,台北市,52,二氧化氮,普通,0.33,3.0,6.5,27.5
中山,台北市,54,二氧化氮,普通,0.46,8.0,8.3,34.4
士林,台北市,31,,良好,0.23,3.0,6.5,15.3
淡水,新北市,35,,良好,0.29,5.0,7.7,12.3
林口,新北市,50,,良好,0.3,7.0,7.7,25.3
菜寮,新北市,43,,良好,0.36,3.0,4.1,19.6
新莊,新北市,45,,良好,0.3,4.0,6.5,21.2
板橋,新北市,48,,良好,0.33,7.0,7.4,22.6
土城,新北市,43,,良好,0.36,3.0,4.3,19.4
新店,新北市,43,,良好,0.31,2.0,4.7,19.9
汐止,新北市,48,,良好,0.24,7.0,7.9,23.3
基隆,基隆市,34,,良好,0.2,7.0,7.3,6.4
嘉義（東區）,嘉義市,68,細懸浮微粒,普通,0.33,21.0,18.7,27.5
屏東(枋山),屏東縣,87,細懸浮微粒,普通,0.32,24.0,25.7,11.2
臺南（南化）,台南市,51,細懸浮微粒,普通,0.3,20.0,12.5,10.2
新北(樹林),新北市,55,二氧化氮,普通,0.36,5.0,9.8,43.9
屏東（琉球）,屏東縣,53,細懸浮微粒,普通,0.25,11.0,13.1,6.3
南投（鹿谷）,南投縣,38,,良好,0.29,12.0,9.5,13.1
高雄（湖內）,高雄市,72,細懸浮微粒,普通,0.27,21.0,20.1,14.5
宜蘭（三星）,宜蘭縣,29,,良好,0.13,3.0,3.0,2.6
林森,台南市,69,細懸浮微粒,普通,0.53,18.0,19.0,19.0
員林,彰化縣,53,細懸浮微粒,普通,0.3,19.0,13.1,18.1
大城,彰化縣,51,懸浮微粒,普通,0.21,13.0,12.4,13.0
富貴角,新北市,60,細懸浮微粒,普通,0.06,8.0,15.8,0.7
麥寮,雲林縣,55,懸浮微粒,普通,0.27,10.0,9.3,13.6
關山,台東縣,29,,良好,0.21,2.0,2.8,7.8
馬公,澎湖縣,54,懸浮微粒,普通,0.18,14.0,11.5,3.4
金門,金門縣,82,細懸浮微粒,普通,0.29,20.0,23.7,11.3
馬祖,連江縣,80,細懸浮微粒,普通,0.21,15.0,23.2,6.3
埔里,南投縣,53,細懸浮微粒,普通,0.33,15.0,13.4,8.5
復興,高雄市,69,細懸浮微粒,普通,0.45,22.0,19.2,18.9
永和,新北市,43,,良好,0.35,5.0,9.1,26.5
竹山,南投縣,68,懸浮微粒,普通,0.33,25.0,18.2,16.9
中壢,桃園市,51,二氧化氮,普通,0.44,5.0,10.2,36.2
三重,新北市,59,二氧化氮,普通,0.85,10.0,10.9,87.8
冬山,宜蘭縣,28,,良好,0.15,5.0,6.9,9.8
宜蘭,宜蘭縣,34,,良好,0.17,6.0,8.5,6.1
陽明,台北市,35,,良好,0.15,0.0,1.9,2.1
花蓮,花蓮縣,26,,良好,0.34,2.0,1.7,13.1
臺東,台東縣,28,,良好,0.23,0.0,2.1,7.8
恆春,屏東縣,36,,良好,0.13,5.0,2.4,1.7
潮州,屏東縣,72,細懸浮微粒,普通,0.38,22.0,20.3,12.5
屏東,屏東縣,75,細懸浮微粒,普通,0.34,21.0,21.2,19.8
小港,高雄市,74,細懸浮微粒,普通,0.36,22.0,20.9,18.0
前鎮,高雄市,66,細懸浮微粒,普通,0.38,20.0,17.8,20.6
前金,高雄市,62,細懸浮微粒,普通,0.3,18.0,16.6,14.3
左營,高雄市,69,細懸浮微粒,普通,0.3,19.0,19.0,16.7
楠梓,高雄市,86,細懸浮微粒,普通,0.37,26.0,25.4,22.6
林園,高雄市,67,細懸浮微粒,普通,0.33,19.0,18.2,24.0
大寮,高雄市,75,細懸浮微粒,普通,0.34,20.0,21.2,24.6
鳳山,高雄市,72,細懸浮微粒,普通,,26.0,20.0,38.4
仁武,高雄市,82,細懸浮微粒,普通,0.38,26.0,23.9,29.0
橋頭,高雄市,85,細懸浮微粒,普通,0.35,22.0,25.0,21.0
美濃,高雄市,58,細懸浮微粒,普通,0.38,22.0,15.0,12.3
臺南,台南市,71,細懸浮微粒,普通,0.32,20.0,19.9,14.0
安南,台南市,70,細懸浮微粒,普通,0.28,20.0,19.4,10.3
善化,台南市,74,細懸浮微粒,普通,0.24,24.0,20.9,12.2
新營,台南市,67,細懸浮微粒,普通,0.29,17.0,18.4,15.0
嘉義,嘉義市,67,細懸浮微粒,普通,0.39,21.0,18.2,15.2
臺西,雲林縣,59,懸浮微粒,普通,0.27,8.0,10.0,13.3
朴子,嘉義縣,55,懸浮微粒,普通,0.29,11.0,11.0,13.5
新港,嘉義縣,58,懸浮微粒,普通,0.24,19.0,14.3,10.5
崙背,雲林縣,64,細懸浮微粒,普通,0.25,16.0,17.3,11.0
斗六,雲林縣,70,細懸浮微粒,普通,0.31,21.0,19.6,16.9
南投,南投縣,65,細懸浮微粒,普通,0.36,20.0,17.7,20.0
二林,彰化縣,54,懸浮微粒,普通,0.29,8.0,7.3,11.4
線西,彰化縣,29,,良好,0.17,2.0,3.7,10.8
彰化,彰化縣,40,,良好,0.28,10.0,9.9,17.9
西屯,台中市,37,,良好,0.24,7.0,8.7,16.7
忠明,台中市,48,,良好,0.32,12.0,10.9,27.6
大里,台中市,53,懸浮微粒,普通,0.41,17.0,9.6,28.4
沙鹿,台中市,30,,良好,0.19,5.0,6.3,10.8
豐原,台中市,37,,良好,0.26,11.0,9.1,10.8
三義,苗栗縣,29,,良好,0.16,5.0,4.1,4.2
苗栗,苗栗縣,29,,良好,0.21,0.0,4.8,9.1
頭份,苗栗縣,28,,良好,0.21,6.0,6.0,12.3
新竹,新竹市,36,,良好,0.27,8.0,7.0,17.0
竹東,新竹縣,30,,良好,0.17,4.0,3.1,9.3
湖口,新竹縣,38,,良好,0.23,1.0,4.8,17.8
龍潭,桃園市,26,,良好,0.2,3.0,4.1,12.4
平鎮,桃園市,38,,良好,0.31,6.0,9.0,19.3
觀音,桃園市,35,,良好,0.15,6.0,8.7,13.0
大園,桃園市,45,,良好,0.2,6.0,7.3,22.6
桃園,桃園市,40,,良好,0.32,8.0,7.6,19.8
大同,台北市,60,二氧化氮,普通,0.86,8.0,8.7,83.1
松山,台北市,54,二氧化氮,普通,0.26,5.0,9.2,33.0
古亭,台北市,33,,良好,0.24,2.0,5.5,16.9
萬華,台北市,52,二氧化氮,普通,0.29,4.0,7.2,27.3
中山,台北市,52,二氧化氮,普通,0.37,9.0,8.5,30.3
士林,台北市,38,,良好,0.23,5.0,7.3,20.1
淡水,新北市,40,,良好,0.23,7.0,9.0,15.4
林口,新北市,52,二氧化氮,普通,0.27,7.0,8.0,28.0
菜寮,新北市,40,,良好,0.31,2.0,4.5,19.1
新莊,新北市,43,,良好,0.25,3.0,7.4,20.2
板橋,新北市,40,,良好,0.26,5.0,7.5,20.3
土城,新北市,38,,良好,0.29,3.0,4.6,18.1
新店,新北市,43,,良好,0.29,2.0,5.5,20.9
汐止,新北市,52,二氧化氮,普通,0.23,6.0,8.1,26.9
基隆,基隆市,34,,良好,0.16,7.0,7.4,4.4
嘉義（東區）,嘉義市,65,細懸浮微粒,普通,0.27,21.0,17.7,24.2
屏東(枋山),屏東縣,86,細懸浮微粒,普通,0.39,32.0,25.2,14.3
臺南（南化）,台南市,46,,良好,0.28,15.0,11.3,6.4
新北(樹林),新北市,51,二氧化氮,普通,0.3,7.0,10.6,30.6
屏東（琉球）,屏東縣,52,細懸浮微粒,普通,0.24,13.0,12.9,6.7
南投（鹿谷）,南投縣,35,,良好,0.27,13.0,8.7,11.3
高雄（湖內）,高雄市,73,細懸浮微粒,普通,0.26,20.0,20.5,13.2
宜蘭（三星）,宜蘭縣,29,,良好,0.13,3.0,3.3,2.8
林森,台南市,70,細懸浮微粒,普通,0.46,21.0,19.3,18.6
員林,彰化縣,48,,良好,0.32,13.0,12.0,18.1
大城,彰化縣,52,細懸浮微粒,普通,0.22,11.0,13.0,14.3
富貴角,新北市,64,細懸浮微粒,普通,0.07,9.0,17.2,0.8
麥寮,雲林縣,54,懸浮微粒,普通,0.27,9.0,9.8,15.2
關山,台東縣,28,,良好,0.21,4.0,3.1,8.0
馬公,澎湖縣,55,懸浮微粒,普通,0.15,10.0,10.1,2.8
金門,金門縣,85,細懸浮微粒,普通,0.27,25.0,25.0,10.6
馬祖,連江縣,85,細懸浮微粒,普通,0.21,19.0,25.1,7.7
埔里,南投縣,52,細懸浮微粒,普通,0.32,15.0,12.7,7.8
復興,高雄市,67,細懸浮微粒,普通,0.34,18.0,18.4,14.4
永和,新北市,48,,良好,0.31,9.0,9.8,33.8
竹山,南投縣,63,細懸浮微粒,普通,0.26,23.0,17.0,14.0
中壢,桃園市,50,,良好,0.4,6.0,11.9,34.3
三重,新北市,58,二氧化氮,普通,0.77,11.0,11.1,86.7
冬山,宜蘭縣,29,,良好,0.13,4.0,7.2,7.4
宜蘭,宜蘭縣,35,,良好,0.16,9.0,8.7,7.4
陽明,台北市,35,,良好,0.15,1.0,2.3,2.1
花蓮,花蓮縣,24,,良好,0.33,3.0,1.7,12.5
臺東,台東縣,28,,良好,0.22,0.0,2.8,6.2
恆春,屏東縣,35,,良好,0.15,4.0,2.1,1.9
潮州,屏東縣,74,細懸浮微粒,普通,0.3,,20.9,
屏東,屏東縣,75,細懸浮微粒,普通,0.36,23.0,21.1,20.6
小港,高雄市,84,細懸浮微粒,普通,0.37,40.0,24.6,26.3
前鎮,高雄市,64,細懸浮微粒,普通,0.36,21.0,17.1,18.4
前金,高雄市,62,細懸浮微粒,普通,0.28,16.0,16.5,11.2
左營,高雄市,69,細懸浮微粒,普通,0.27,19.0,19.0,12.5
楠梓,高雄市,87,細懸浮微粒,普通,0.38,30.0,25.6,21.1
林園,高雄市,71,細懸浮微粒,普通,0.28,19.0,19.7,16.1
大寮,高雄市,75,細懸浮微粒,普通,0.35,20.0,21.4,26.2
鳳山,高雄市,68,細懸浮微粒,普通,0.57,19.0,18.8,29.3
仁武,高雄市,81,細懸浮微粒,普通,0.33,24.0,23.5,21.3
橋頭,高雄市,88,細懸浮微粒,普通,0.33,28.0,26.0,22.0
美濃,高雄市,55,細懸浮微粒,普通,0.39,17.0,13.9,14.3
臺南,台南市,71,細懸浮微粒,普通,0.27,20.0,19.7,12.3
安南,台南市,69,細懸浮微粒,普通,0.27,20.0,18.9,8.9
善化,台南市,71,細懸浮微粒,普通,0.21,19.0,19.7,10.5
新營,台南市,66,細懸浮微粒,普通,0.27,23.0,18.1,13.9
嘉義,嘉義市,64,細懸浮微粒,普通,0.32,18.0,17.2,13.5
臺西,雲林縣,59,懸浮微粒,普通,0.25,8.0,10.9,13.1
朴子,嘉義縣,54,懸浮微粒,普通,0.21,11.0,10.9,10.2
新港,嘉義縣,57,懸浮微粒,普通,0.22,19.0,12.8,8.6
崙背,雲林縣,64,細懸浮微粒,普通,0.23,15.0,17.2,9.8
斗六,雲林縣,69,細懸浮微粒,普通,0.3,20.0,18.9,15.3
南投,南投縣,64,細懸浮微粒,普通,0.38,21.0,17.2,26.4
二林,彰化縣,57,懸浮微粒,普通,0.2,6.0,7.1,8.9
線西,彰化縣,29,,良好,0.16,1.0,4.3,7.9
彰化,彰化縣,40,,良好,0.25,10.0,10.0,15.3
西屯,台中市,38,,良好,0.23,9.0,9.1,15.8
忠明,台中市,43,,良好,0.34,11.0,10.7,24.0
大里,台中市,48,,良好,0.41,13.0,7.5,26.7
沙鹿,台中市,32,,良好,0.17,3.0,7.3,8.6
豐原,台中市,36,,良好,0.24,9.0,9.0,11.0
三義,苗栗縣,29,,良好,0.16,5.0,4.2,3.4
苗栗,苗栗縣,29,,良好,0.18,2.0,6.1,5.9
頭份,苗栗縣,32,,良好,0.18,5.0,6.5,10.0
新竹,新竹市,30,,良好,0.25,6.0,7.4,14.1
竹東,新竹縣,31,,良好,0.15,0.0,3.1,6.1
湖口,新竹縣,33,,良好,0.22,6.0,5.6,15.5
龍潭,桃園市,27,,良好,0.19,2.0,4.4,12.6
平鎮,桃園市,40,,良好,0.28,7.0,10.0,19.6
觀音,桃園市,38,,良好,0.16,,9.2,15.3
大園,桃園市,54,二氧化氮,普通,0.22,5.0,7.5,32.5
桃園,桃園市,43,,良好,0.29,6.0,7.8,21.2
大同,台北市,59,二氧化氮,普通,0.66,6.0,8.8,72.3
松山,台北市,54,二氧化氮,普通,0.23,6.0,10.0,32.7
古亭,台北市,33,,良好,0.22,2.0,6.5,17.3
萬華,台北市,52,二氧化氮,普通,0.28,6.0,7.9,28.3
中山,台北市,52,二氧化氮,普通,0.3,6.0,8.7,31.7
士林,台北市,36,,良好,0.2,6.0,8.2,19.5
淡水,新北市,43,,良好,0.21,8.0,9.4,20.6
林口,新北市,50,,良好,0.24,6.0,8.1,25.6
菜寮,新北市,36,,良好,0.26,2.0,5.0,17.3
新莊,新北市,40,,良好,0.24,5.0,8.7,20.5
板橋,新北市,45,,良好,0.27,7.0,8.8,22.7
土城,新北市,43,,良好,0.29,4.0,5.0,21.3
新店,新北市,40,,良好,0.25,5.0,6.5,19.1
汐止,新北市,43,,良好,0.19,7.0,8.7,21.0
基隆,基隆市,33,,良好,0.17,7.0,7.4,4.4
嘉義（東區）,嘉義市,63,細懸浮微粒,普通,0.23,18.0,16.8,19.5
屏東(枋山),屏東縣,81,細懸浮微粒,普通,0.37,35.0,23.3,13.1
臺南（南化）,台南市,43,,良好,0.27,9.0,10.7,4.4
新北(樹林),新北市,52,二氧化氮,普通,0.23,11.0,11.5,32.4
屏東（琉球）,屏東縣,53,細懸浮微粒,普通,0.26,14.0,13.3,6.5
南投（鹿谷）,南投縣,30,,良好,0.28,13.0,7.5,9.2
高雄（湖內）,高雄市,71,細懸浮微粒,普通,0.25,21.0,19.7,13.2
宜蘭（三星）,宜蘭縣,29,,良好,0.12,2.0,3.4,2.1
林森,台南市,69,細懸浮微粒,普通,0.35,14.0,19.0,14.2
員林,彰化縣,48,,良好,0.29,11.0,11.8,16.6
大城,彰化縣,54,細懸浮微粒,普通,0.21,14.0,13.6,15.0
富貴角,新北市,68,細懸浮微粒,普通,0.07,14.0,18.8,0.6
麥寮,雲林縣,53,懸浮微粒,普通,0.23,7.0,9.6,12.5
關山,台東縣,28,,良好,0.2,2.0,2.9,6.0
馬公,澎湖縣,55,懸浮微粒,普通,0.15,10.0,11.9,3.0
金門,金門縣,88,細懸浮微粒,普通,0.27,24.0,25.9,9.9
馬祖,連江縣,91,細懸浮微粒,普通,0.23,23.0,27.1,7.6
埔里,南投縣,48,,良好,0.31,19.0,11.9,6.3
復興,高雄市,69,細懸浮微粒,普通,0.42,22.0,19.0,18.4
永和,新北市,52,二氧化氮,普通,0.32,11.0,10.2,42.6
竹山,南投縣,60,懸浮微粒,普通,0.25,17.0,15.2,14.0
中壢,桃園市,52,細懸浮微粒,普通,0.52,9.0,12.9,42.4
三重,新北市,58,二氧化氮,普通,0.72,8.0,11.3,94.4
冬山,宜蘭縣,33,,良好,0.12,6.0,8.1,4.9
宜蘭,宜蘭縣,34,,良好,0.14,12.0,8.4,5.6
陽明,台北市,34,,良好,0.16,2.0,2.6,2.2
花蓮,花蓮縣,24,,良好,0.27,0.0,1.6,10.0
臺東,台東縣,28,,良好,0.22,2.0,3.6,5.6
恆春,屏東縣,35,,良好,0.15,0.0,2.0,1.8
潮州,屏東縣,75,細懸浮微粒,普通,0.45,19.0,21.2,13.5
屏東,屏東縣,73,細懸浮微粒,普通,0.33,25.0,20.6,20.0
小港,高雄市,72,細懸浮微粒,普通,0.37,23.0,20.0,36.3
前鎮,高雄市,61,細懸浮微粒,普通,0.37,21.0,16.3,19.6
前金,高雄市,62,細懸浮微粒,普通,0.3,18.0,16.7,12.9
左營,高雄市,68,細懸浮微粒,普通,0.29,19.0,18.7,14.6
楠梓,高雄市,80,細懸浮微粒,普通,0.39,,23.2,26.3
林園,高雄市,73,細懸浮微粒,普通,0.26,13.0,20.5,15.4
大寮,高雄市,76,細懸浮微粒,普通,0.39,26.0,21.8,27.0
鳳山,高雄市,69,細懸浮微粒,普通,,19.0,18.9,
仁武,高雄市,78,細懸浮微粒,普通,0.36,29.0,22.2,30.5
橋頭,高雄市,85,細懸浮微粒,普通,0.38,31.0,25.0,23.8
美濃,高雄市,53,細懸浮微粒,普通,0.28,16.0,13.3,10.8
臺南,台南市,69,細懸浮微粒,普通,0.27,17.0,19.1,14.2
安南,台南市,69,懸浮微粒,普通,0.27,25.0,18.7,9.9
善化,台南市,70,細懸浮微粒,普通,0.26,26.0,19.6,19.0
新營,台南市,63,細懸浮微粒,普通,0.26,19.0,17.0,12.9
嘉義,嘉義市,62,細懸浮微粒,普通,0.29,19.0,16.4,13.5
臺西,雲林縣,60,懸浮微粒,普通,0.22,10.0,11.8,11.5
朴子,嘉義縣,53,懸浮微粒,普通,0.2,12.0,11.0,8.6
新港,嘉義縣,51,懸浮微粒,普通,0.21,12.0,11.1,8.4
崙背,雲林縣,65,細懸浮微粒,普通,0.25,20.0,17.7,10.1
斗六,雲林縣,68,細懸浮微粒,普通,0.3,21.0,18.6,13.0
南投,南投縣,62,細懸浮微粒,普通,0.42,17.0,16.5,28.4
二林,彰化縣,55,懸浮微粒,普通,0.2,7.0,7.4,7.8
線西,彰化縣,32,,良好,0.16,2.0,5.5,7.0
彰化,彰化縣,39,,良好,0.25,8.0,9.6,15.6
西屯,台中市,38,,良好,0.21,9.0,9.1,13.5
忠明,台中市,45,,良好,0.28,9.0,11.1,17.0
大里,台中市,45,,良好,0.37,9.0,6.2,18.9
沙鹿,台中市,34,,良好,0.16,5.0,8.4,6.8
豐原,台中市,34,,良好,0.22,8.0,8.4,9.4
三義,苗栗縣,30,,良好,0.16,3.0,4.4,2.9
苗栗,苗栗縣,30,,良好,0.16,5.0,7.3,5.5
頭份,苗栗縣,35,,良好,0.17,5.0,7.1,9.6
新竹,新竹市,32,,良好,0.21,6.0,8.0,11.7
竹東,新竹縣,31,,良好,0.13,0.0,4.5,4.7
湖口,新竹縣,37,,良好,0.21,3.0,5.5,14.2
龍潭,桃園市,28,,良好,0.17,3.0,4.5,10.3
平鎮,桃園市,45,,良好,0.27,8.0,11.1,19.9
觀音,桃園市,42,,良好,0.15,9.0,9.0,14.6
大園,桃園市,50,,良好,0.19,8.0,7.8,25.2
桃園,桃園市,40,,良好,0.26,6.0,8.4,19.8
大同,台北市,57,二氧化氮,普通,0.59,7.0,9.3,69.5
松山,台北市,54,二氧化氮,普通,0.23,8.0,10.8,33.7
古亭,台北市,40,,良好,0.22,6.0,7.6,20.4
萬華,台北市,48,,良好,0.26,9.0,8.5,24.9
中山,台北市,52,二氧化氮,普通,0.31,7.0,9.8,31.6
士林,台北市,36,,良好,0.2,7.0,8.4,18.1
淡水,新北市,42,,良好,0.19,7.0,9.8,8.7
林口,新北市,50,,良好,0.24,8.0,8.8,28.5
菜寮,新北市,31,,良好,0.26,3.0,6.0,16.0
新莊,新北市,42,,良好,0.22,7.0,9.8,17.7
板橋,新北市,36,,良好,0.27,8.0,8.9,
土城,新北市,36,,良好,0.26,3.0,5.5,18.3
新店,新北市,33,,良好,0.22,6.0,7.0,16.0
汐止,新北市,45,,良好,0.19,7.0,9.5,23.9
基隆,基隆市,33,,良好,0.16,7.0,7.7,5.2
嘉義（東區）,嘉義市,62,細懸浮微粒,普通,0.3,18.0,16.4,29.1
屏東(枋山),屏東縣,72,細懸浮微粒,普通,0.32,27.0,20.3,10.2
臺南（南化）,台南市,46,,良好,0.28,9.0,11.3,4.2
新北(樹林),新北市,49,,良好,0.24,11.0,12.2,29.1
屏東（琉球）,屏東縣,53,細懸浮微粒,普通,0.26,17.0,13.2,6.8
南投（鹿谷）,南投縣,25,,良好,0.3,7.0,6.1,8.3
高雄（湖內）,高雄市,70,細懸浮微粒,普通,0.32,21.0,19.3,18.3
宜蘭（三星）,宜蘭縣,28,,良好,0.12,2.0,3.6,2.0
林森,台南市,71,細懸浮微粒,普通,0.59,26.0,19.7,24.9
員林,彰化縣,46,,良好,0.27,10.0,11.4,16.4
大城,彰化縣,54,細懸浮微粒,普通,0.19,8.0,13.5,14.6
富貴角,新北市,69,細懸浮微粒,普通,0.08,26.0,18.9,0.8
麥寮,雲林縣,52,懸浮微粒,普通,0.26,9.0,9.8,14.6
關山,台東縣,28,,良好,0.19,2.0,3.1,4.8
馬公,澎湖縣,55,懸浮微粒,普通,0.16,7.0,12.7,2.9
金門,金門縣,88,細懸浮微粒,普通,0.29,21.0,26.1,10.0
馬祖,連江縣,94,細懸浮微粒,普通,0.24,23.0,28.2,7.9
埔里,南投縣,41,,良好,0.3,10.0,10.2,6.6
復興,高雄市,67,細懸浮微粒,普通,0.4,,18.2,19.8
永和,新北市,48,,良好,0.3,6.0,10.6,36.7
竹山,南投縣,56,細懸浮微粒,普通,0.26,17.0,14.4,15.9
中壢,桃園市,55,細懸浮微粒,普通,0.46,13.0,13.9,34.5
三重,新北市,57,二氧化氮,普通,0.72,13.0,12.1,75.6
冬山,宜蘭縣,38,,良好,0.12,6.0,9.3,6.1
宜蘭,宜蘭縣,31,,良好,0.14,5.0,7.8,4.1
陽明,台北市,34,,良好,0.16,2.0,2.9,2.6
花蓮,花蓮縣,23,,良好,0.27,0.0,2.2,9.2
臺東,台東縣,28,,良好,0.2,3.0,4.0,5.9
恆春,屏東縣,35,,良好,0.15,0.0,2.5,1.7
潮州,屏東縣,76,細懸浮微粒,普通,0.54,23.0,21.6,19.0
屏東,屏東縣,68,細懸浮微粒,普通,0.35,24.0,18.8,23.0
小港,高雄市,70,細懸浮微粒,普通,0.39,,19.5,24.1
前鎮,高雄市,58,細懸浮微粒,普通,0.37,16.0,15.0,20.3
前金,高雄市,62,細懸浮微粒,普通,0.31,18.0,16.7,16.2
左營,高雄市,66,細懸浮微粒,普通,0.31,24.0,17.8,18.0
楠梓,高雄市,76,細懸浮微粒,普通,0.4,34.0,21.8,25.1
林園,高雄市,76,細懸浮微粒,普通,0.4,16.0,21.7,24.9
大寮,高雄市,72,細懸浮微粒,普通,0.41,24.0,20.2,28.3
鳳山,高雄市,69,細懸浮微粒,普通,0.5,22.0,19.2,30.0
仁武,高雄市,73,細懸浮微粒,普通,0.4,29.0,20.7,34.7
橋頭,高雄市,78,細懸浮微粒,普通,0.4,33.0,22.3,30.0
美濃,高雄市,53,懸浮微粒,普通,0.32,13.0,12.5,15.8
臺南,台南市,69,細懸浮微粒,普通,0.39,29.0,19.2,21.4
安南,台南市,69,懸浮微粒,普通,0.31,21.0,16.9,13.0
善化,台南市,66,細懸浮微粒,普通,0.28,25.0,17.9,17.7
新營,台南市,61,細懸浮微粒,普通,0.31,19.0,16.3,13.6
嘉義,嘉義市,60,懸浮微粒,普通,0.3,22.0,15.5,15.6
臺西,雲林縣,60,懸浮微粒,普通,0.22,10.0,12.3,12.9
朴子,嘉義縣,52,懸浮微粒,普通,0.2,10.0,10.8,8.9
新港,嘉義縣,48,,良好,0.21,11.0,10.7,8.8
崙背,雲林縣,64,細懸浮微粒,普通,0.25,21.0,17.2,9.6
斗六,雲林縣,65,細懸浮微粒,普通,0.28,22.0,17.7,10.8
南投,南投縣,60,細懸浮微粒,普通,0.39,19.0,15.7,25.9
二林,彰化縣,57,懸浮微粒,普通,0.2,5.0,7.7,7.7
線西,彰化縣,33,,良好,0.15,3.0,7.0,6.2
彰化,彰化縣,40,,良好,0.24,11.0,10.0,17.9
西屯,台中市,38,,良好,0.19,7.0,9.3,12.7
忠明,台中市,46,,良好,0.26,10.0,11.5,13.7
大里,台中市,42,,良好,0.37,6.0,5.6,17.9
沙鹿,台中市,36,,良好,0.16,6.0,9.0,7.3
豐原,台中市,33,,良好,0.2,10.0,8.3,6.5
三義,苗栗縣,31,,良好,0.16,1.0,4.9,3.2
苗栗,苗栗縣,33,,良好,0.16,6.0,8.2,5.9
頭份,苗栗縣,38,,良好,0.16,5.0,8.1,8.2
新竹,新竹市,35,,良好,0.2,5.0,8.6,10.5
竹東,新竹縣,31,,良好,0.12,2.0,5.6,4.0
湖口,新竹縣,42,,良好,0.21,5.0,6.1,13.4
龍潭,桃園市,29,,良好,,3.0,5.2,
平鎮,桃園市,46,,良好,0.28,11.0,11.5,17.7
觀音,桃園市,45,,良好,0.15,10.0,9.3,12.2
大園,桃園市,52,懸浮微粒,普通,0.16,7.0,8.1,16.4
桃園,桃園市,43,,良好,0.29,8.0,8.7,22.7
大同,台北市,54,二氧化氮,普通,0.47,8.0,9.7,53.5
松山,台北市,51,細懸浮微粒,普通,0.21,13.0,12.6,
古亭,台北市,40,,良好,0.22,8.0,8.1,23.0
萬華,台北市,43,,良好,0.26,6.0,8.7,22.8
中山,台北市,52,二氧化氮,普通,0.3,9.0,10.3,31.0
士林,台北市,37,,良好,0.18,8.0,8.7,13.3
淡水,新北市,43,,良好,0.21,12.0,10.5,6.5
林口,新北市,43,,良好,0.22,9.0,9.0,24.3
菜寮,新北市,32,,良好,0.25,4.0,6.7,13.6
新莊,新北市,45,,良好,0.22,8.0,10.5,17.6
板橋,新北市,35,,良好,0.26,,8.7,
土城,新北市,35,,良好,0.24,3.0,6.6,15.5
新店,新北市,32,,良好,0.19,5.0,7.8,12.7
汐止,新北市,42,,良好,0.2,8.0,10.3,18.5
基隆,基隆市,38,,良好,0.16,5.0,8.2,4.6
嘉義（東區）,嘉義市,61,細懸浮微粒,普通,0.26,15.0,16.1,20.3
屏東(枋山),屏東縣,66,細懸浮微粒,普通,0.39,23.0,17.9,13.1
臺南（南化）,台南市,45,,良好,0.29,15.0,11.1,5.1
新北(樹林),新北市,49,,良好,0.19,9.0,12.2,17.2
屏東（琉球）,屏東縣,50,,良好,0.26,9.0,12.3,7.7
南投（鹿谷）,南投縣,25,,良好,0.28,7.0,6.2,6.8
高雄（湖內）,高雄市,69,細懸浮微粒,普通,0.35,26.0,18.9,25.4
宜蘭（三星）,宜蘭縣,28,,良好,0.13,5.0,3.8,1.9
林森,台南市,68,細懸浮微粒,普通,0.68,23.0,18.8,25.4
員林,彰化縣,45,,良好,0.28,11.0,11.2,16.3
大城,彰化縣,56,細懸浮微粒,普通,0.19,15.0,14.5,16.5
富貴角,新北市,67,細懸浮微粒,普通,0.09,16.0,18.5,0.9
麥寮,雲林縣,52,懸浮微粒,普通,0.28,12.0,9.8,14.2
關山,台東縣,27,,良好,0.21,3.0,3.4,6.1
馬公,澎湖縣,57,懸浮微粒,普通,0.16,3.0,13.2,3.0
金門,金門縣,91,細懸浮微粒,普通,0.31,27.0,27.0,10.6
馬祖,連江縣,97,細懸浮微粒,普通,0.26,26.0,29.2,8.2
埔里,南投縣,41,,良好,0.32,11.0,10.2,12.6
復興,高雄市,67,細懸浮微粒,普通,0.48,21.0,18.3,26.6
永和,新北市,50,,良好,0.23,9.0,11.9,39.9
竹山,南投縣,54,細懸浮微粒,普通,0.3,21.0,13.6,16.9
中壢,桃園市,54,細懸浮微粒,普通,0.62,15.0,13.7,45.3
三重,新北市,61,懸浮微粒,普通,0.78,12.0,12.2,104.4
冬山,宜蘭縣,42,,良好,0.13,5.0,10.3,7.8
宜蘭,宜蘭縣,33,,良好,0.16,7.0,8.3,4.2
陽明,台北市,34,,良好,0.16,2.0,3.7,2.3
花蓮,花蓮縣,23,,良好,0.3,2.0,3.1,9.8
臺東,台東縣,27,,良好,0.26,4.0,3.7,7.8
恆春,屏東縣,35,,良好,0.16,3.0,2.7,1.8
潮州,屏東縣,72,細懸浮微粒,普通,0.68,27.0,20.1,27.3
屏東,屏東縣,66,細懸浮微粒,普通,0.37,24.0,18.1,20.7
小港,高雄市,68,細懸浮微粒,普通,0.38,23.0,18.8,30.1
前鎮,高雄市,57,細懸浮微粒,普通,0.38,17.0,14.8,24.2
前金,高雄市,59,細懸浮微粒,普通,0.31,19.0,15.6,18.4
左營,高雄市,62,細懸浮微粒,普通,0.32,22.0,16.5,20.3
楠梓,高雄市,67,細懸浮微粒,普通,0.41,32.0,18.4,23.4
林園,高雄市,77,細懸浮微粒,普通,0.57,32.0,22.0,42.2
大寮,高雄市,71,細懸浮微粒,普通,0.5,25.0,19.7,36.1
鳳山,高雄市,64,細懸浮微粒,普通,0.6,22.0,17.2,32.4
仁武,高雄市,67,細懸浮微粒,普通,0.4,28.0,18.3,35.7
橋頭,高雄市,71,細懸浮微粒,普通,0.41,33.0,19.8,27.3
美濃,高雄市,50,,良好,0.37,17.0,12.1,17.4
臺南,台南市,64,細懸浮微粒,普通,0.39,22.0,17.2,23.1
安南,台南市,71,懸浮微粒,普通,0.32,19.0,15.9,14.6
善化,台南市,62,細懸浮微粒,普通,0.27,18.0,16.7,14.4
新營,台南市,59,細懸浮微粒,普通,0.31,16.0,15.6,13.1
嘉義,嘉義市,59,懸浮微粒,普通,0.35,17.0,14.5,17.8
臺西,雲林縣,60,懸浮微粒,普通,0.26,12.0,12.1,16.4
朴子,嘉義縣,51,懸浮微粒,普通,0.22,10.0,10.6,9.6
新港,嘉義縣,47,,良好,0.21,9.0,10.9,9.6
崙背,雲林縣,62,細懸浮微粒,普通,0.23,14.0,16.6,9.4
斗六,雲林縣,63,細懸浮微粒,普通,0.26,18.0,16.9,9.8
南投,南投縣,57,細懸浮微粒,普通,0.39,19.0,14.6,25.6
二林,彰化縣,58,懸浮微粒,普通,0.19,5.0,8.5,7.3
線西,彰化縣,35,,良好,0.15,3.0,7.5,6.9
彰化,彰化縣,39,,良好,0.27,8.0,9.7,19.2
西屯,台中市,40,,良好,0.19,6.0,9.8,12.3
忠明,台中市,45,,良好,0.24,10.0,11.2,13.3
大里,台中市,40,,良好,0.35,4.0,5.6,16.8
沙鹿,台中市,39,,良好,0.16,9.0,9.7,7.3
豐原,台中市,32,,良好,0.19,9.0,8.0,5.1
三義,苗栗縣,31,,良好,0.16,2.0,5.6,3.7
苗栗,苗栗縣,37,,良好,0.16,6.0,9.1,6.9
頭份,苗栗縣,43,,良好,0.17,6.0,8.5,10.1
新竹,新竹市,42,,良好,0.22,8.0,9.2,12.6
竹東,新竹縣,31,,良好,0.12,3.0,7.2,3.9
湖口,新竹縣,47,,良好,0.22,6.0,6.6,13.7
龍潭,桃園市,30,,良好,0.15,,6.2,6.6
平鎮,桃園市,48,,良好,0.3,12.0,11.8,20.1
觀音,桃園市,51,懸浮微粒,普通,0.14,8.0,9.5,11.0
大園,桃園市,45,,良好,0.16,6.0,9.2,16.2
桃園,桃園市,43,,良好,0.32,8.0,9.2,21.9
大同,台北市,54,二氧化氮,普通,0.57,8.0,10.5,55.2
松山,台北市,52,細懸浮微粒,普通,0.2,,12.7,17.2
古亭,台北市,45,,良好,0.18,6.0,8.5,23.5
萬華,台北市,48,,良好,0.28,8.0,9.4,24.9
中山,台北市,48,,良好,0.32,10.0,10.7,27.5
士林,台北市,40,,良好,0.18,11.0,9.2,16.1
淡水,新北市,42,,良好,0.2,8.0,10.1,6.7
林口,新北市,43,,良好,0.22,7.0,9.4,19.5
菜寮,新北市,33,,良好,0.26,4.0,7.6,14.5
新莊,新北市,51,懸浮微粒,普通,0.23,10.0,11.3,17.4
板橋,新北市,45,,良好,0.32,10.0,9.4,23.1
土城,新北市,37,,良好,0.21,,7.4,11.6
新店,新北市,37,,良好,0.19,5.0,8.2,10.2
汐止,新北市,44,,良好,0.21,8.0,10.8,17.7
基隆,基隆市,42,,良好,0.16,5.0,9.0,4.4
嘉義（東區）,嘉義市,62,細懸浮微粒,普通,0.23,17.0,16.4,17.7
屏東(枋山),屏東縣,62,細懸浮微粒,普通,0.33,22.0,16.7,12.3
臺南（南化）,台南市,42,,良好,0.28,12.0,10.5,5.8
新北(樹林),新北市,54,細懸浮微粒,普通,0.21,11.0,13.5,22.4
屏東（琉球）,屏東縣,52,細懸浮微粒,普通,0.27,16.0,12.7,10.4
南投（鹿谷）,南投縣,24,,良好,0.33,4.0,6.0,6.9
高雄（湖內）,高雄市,65,細懸浮微粒,普通,0.36,17.0,17.5,30.4
宜蘭（三星）,宜蘭縣,27,,良好,0.14,3.0,3.1,2.1
林森,台南市,65,細懸浮微粒,普通,0.64,22.0,17.6,30.1
員林,彰化縣,45,,良好,0.28,11.0,11.2,15.7
大城,彰化縣,56,細懸浮微粒,普通,0.27,14.0,14.2,18.7
富貴角,新北市,69,細懸浮微粒,普通,0.08,18.0,19.0,0.9
麥寮,雲林縣,51,懸浮微粒,普通,0.24,7.0,9.6,11.4
關山,台東縣,27,,良好,0.22,2.0,3.6,7.0
馬公,澎湖縣,58,懸浮微粒,普通,0.16,20.0,14.7,3.0
金門,金門縣,91,細懸浮微粒,普通,0.31,32.0,27.0,11.2
馬祖,連江縣,99,細懸浮微粒,普通,0.28,33.0,29.9,7.9
埔里,南投縣,42,,良好,0.37,11.0,10.4,15.6
復興,高雄市,65,細懸浮微粒,普通,0.49,23.0,17.7,26.0
永和,新北市,55,二氧化氮,普通,0.31,11.0,12.8,56.2
竹山,南投縣,48,,良好,0.27,12.0,11.8,16.4
中壢,桃園市,56,細懸浮微粒,普通,0.62,10.0,14.2,49.9
三重,新北市,62,懸浮微粒,普通,0.8,,13.1,93.2
冬山,宜蘭縣,45,,良好,0.24,7.0,11.1,14.6
宜蘭,宜蘭縣,35,,良好,0.17,7.0,8.6,4.4
陽明,台北市,34,,良好,,2.0,4.5,
花蓮,花蓮縣,23,,良好,0.31,3.0,3.1,10.8
臺東,台東縣,28,,良好,0.27,5.0,3.7,9.3
恆春,屏東縣,35,,良好,0.16,3.0,2.7,1.8
潮州,屏東縣,67,細懸浮微粒,普通,0.75,27.0,18.2,28.7
屏東,屏東縣,62,細懸浮微粒,普通,0.43,21.0,16.5,23.0
小港,高雄市,66,細懸浮微粒,普通,0.36,20.0,17.8,25.4
前鎮,高雄市,60,細懸浮微粒,普通,0.4,,15.7,23.9
前金,高雄市,55,細懸浮微粒,普通,0.31,19.0,14.0,21.0
左營,高雄市,59,細懸浮微粒,普通,0.32,21.0,15.3,20.2
楠梓,高雄市,59,細懸浮微粒,普通,0.36,21.0,15.5,21.0
林園,高雄市,72,細懸浮微粒,普通,0.71,27.0,20.2,46.8
大寮,高雄市,66,細懸浮微粒,普通,0.51,27.0,18.1,44.3
鳳山,高雄市,60,細懸浮微粒,普通,0.62,,15.8,35.7
仁武,高雄市,62,細懸浮微粒,普通,0.38,18.0,16.4,30.5
橋頭,高雄市,62,細懸浮微粒,普通,0.37,25.0,16.7,23.2
美濃,高雄市,45,,良好,0.37,16.0,10.8,13.0
臺南,台南市,61,細懸浮微粒,普通,0.37,19.0,16.0,21.8
安南,台南市,67,懸浮微粒,普通,0.3,,14.5,13.4
善化,台南市,60,細懸浮微粒,普通,0.26,21.0,15.7,13.3
新營,台南市,58,細懸浮微粒,普通,0.31,18.0,15.2,13.8
嘉義,嘉義市,57,懸浮微粒,普通,0.34,14.0,14.1,19.3
臺西,雲林縣,59,懸浮微粒,普通,0.3,13.0,12.0,15.5
朴子,嘉義縣,48,,良好,0.22,11.0,11.1,9.2
新港,嘉義縣,45,,良好,0.21,9.0,11.2,9.1
崙背,雲林縣,62,細懸浮微粒,普通,0.26,19.0,16.7,10.4
斗六,雲林縣,60,細懸浮微粒,普通,0.24,21.0,15.7,9.8
南投,南投縣,54,細懸浮微粒,普通,0.39,19.0,13.5,26.8
二林,彰化縣,59,懸浮微粒,普通,0.19,7.0,9.0,6.7
線西,彰化縣,38,,良好,0.16,7.0,7.9,7.9
彰化,彰化縣,42,,良好,0.28,7.0,10.4,18.9
西屯,台中市,42,,良好,0.2,8.0,10.5,12.7
忠明,台中市,45,,良好,0.24,13.0,11.2,14.7
大里,台中市,42,,良好,0.33,4.0,5.8,17.2
沙鹿,台中市,41,,良好,0.16,9.0,10.2,8.3
豐原,台中市,30,,良好,0.2,4.0,7.4,5.6
三義,苗栗縣,31,,良好,0.16,4.0,6.1,4.0
苗栗,苗栗縣,38,,良好,0.17,7.0,9.5,6.9
頭份,苗栗縣,45,,良好,0.17,6.0,9.0,9.8
新竹,新竹市,43,,良好,0.24,8.0,9.6,14.4
竹東,新竹縣,33,,良好,0.12,5.0,8.1,4.1
湖口,新竹縣,50,,良好,0.18,3.0,6.8,10.0
龍潭,桃園市,35,,良好,0.16,0.0,6.9,7.9
平鎮,桃園市,47,,良好,,12.0,11.7,
觀音,桃園市,53,懸浮微粒,普通,0.15,7.0,9.9,9.5
大園,桃園市,41,,良好,0.17,6.0,10.1,18.0
桃園,桃園市,43,,良好,0.33,8.0,9.3,22.1
大同,台北市,55,二氧化氮,普通,0.53,8.0,11.7,56.6
松山,台北市,52,細懸浮微粒,普通,0.22,9.0,12.9,28.1
古亭,台北市,51,二氧化氮,普通,0.21,6.0,9.0,44.4
萬華,台北市,52,二氧化氮,普通,0.3,9.0,9.3,28.9
中山,台北市,54,二氧化氮,普通,0.35,11.0,11.4,35.9
士林,台北市,45,,良好,0.19,6.0,9.3,16.3
淡水,新北市,48,,良好,0.18,9.0,10.6,7.3
林口,新北市,47,,良好,0.22,9.0,10.3,22.3
菜寮,新北市,38,,良好,0.31,5.0,8.8,18.4
新莊,新北市,53,懸浮微粒,普通,0.25,10.0,11.9,18.3
板橋,新北市,45,,良好,0.31,6.0,10.1,23.1
土城,新北市,42,,良好,0.24,5.0,8.1,16.3
新店,新北市,40,,良好,0.2,6.0,8.9,9.6
汐止,新北市,47,,良好,0.23,12.0,11.6,24.6
基隆,基隆市,47,,良好,0.16,7.0,10.2,5.0
嘉義（東區）,嘉義市,62,細懸浮微粒,普通,0.22,17.0,16.6,18.6
屏東(枋山),屏東縣,62,懸浮微粒,普通,0.29,17.0,16.1,11.6
臺南（南化）,台南市,40,,良好,0.25,14.0,10.0,5.4
新北(樹林),新北市,53,細懸浮微粒,普通,0.22,13.0,13.2,27.6
屏東（琉球）,屏東縣,49,,良好,0.27,12.0,12.2,13.3
南投（鹿谷）,南投縣,26,,良好,0.29,5.0,6.4,6.7
高雄（湖內）,高雄市,64,細懸浮微粒,普通,0.32,22.0,17.2,21.2
宜蘭（三星）,宜蘭縣,27,,良好,0.15,3.0,3.1,2.1
林森,台南市,60,細懸浮微粒,普通,0.48,22.0,15.8,23.8
員林,彰化縣,47,,良好,0.26,8.0,11.7,14.6
大城,彰化縣,55,細懸浮微粒,普通,0.2,12.0,13.8,13.6
富貴角,新北市,72,細懸浮微粒,普通,0.08,12.0,20.2,0.9
麥寮,雲林縣,51,懸浮微粒,普通,0.29,7.0,10.2,12.9
關山,台東縣,27,,良好,0.22,3.0,4.1,7.2
馬公,澎湖縣,60,懸浮微粒,普通,0.17,14.0,14.3,3.1
金門,金門縣,86,細懸浮微粒,普通,0.32,25.0,25.3,11.8
馬祖,連江縣,97,細懸浮微粒,普通,0.29,31.0,29.3,7.8
埔里,南投縣,42,,良好,0.35,9.0,10.5,11.4
復興,高雄市,62,細懸浮微粒,普通,0.47,20.0,16.4,31.0
永和,新北市,57,二氧化氮,普通,0.31,13.0,13.0,65.8
竹山,南投縣,48,,良好,0.25,15.0,11.9,14.2
中壢,桃園市,58,細懸浮微粒,普通,0.57,15.0,15.1,44.9
三重,新北市,61,懸浮微粒,普通,0.86,11.0,12.6,
冬山,宜蘭縣,47,,良好,0.32,12.0,11.7,19.0
宜蘭,宜蘭縣,36,,良好,0.17,9.0,8.9,4.2
陽明,台北市,34,,良好,0.15,2.0,4.8,2.3
花蓮,花蓮縣,24,,良好,0.33,3.0,3.0,12.1
臺東,台東縣,28,,良好,0.27,5.0,3.8,8.6
恆春,屏東縣,35,,良好,0.16,3.0,2.7,2.0
潮州,屏東縣,62,細懸浮微粒,普通,0.62,24.0,16.6,17.7
屏東,屏東縣,58,細懸浮微粒,普通,0.47,15.0,15.1,21.2
小港,高雄市,65,細懸浮微粒,普通,0.4,23.0,17.5,57.9
前鎮,高雄市,59,細懸浮微粒,普通,0.43,16.0,15.5,32.2
前金,高雄市,53,細懸浮微粒,普通,0.35,18.0,13.3,22.0
左營,高雄市,56,細懸浮微粒,普通,0.33,15.0,14.5,20.0
楠梓,高雄市,55,細懸浮微粒,普通,0.3,21.0,13.9,23.7
林園,高雄市,68,細懸浮微粒,普通,0.42,22.0,18.8,28.9
大寮,高雄市,59,細懸浮微粒,普通,0.41,18.0,15.5,30.5
鳳山,高雄市,60,細懸浮微粒,普通,0.73,22.0,15.7,49.9
仁武,高雄市,61,細懸浮微粒,普通,0.43,23.0,16.0,41.5
橋頭,高雄市,57,細懸浮微粒,普通,0.31,16.0,14.8,22.3
美濃,高雄市,42,,良好,0.41,13.0,9.3,11.0
臺南,台南市,58,細懸浮微粒,普通,0.34,21.0,14.9,20.5
